Constituency Number,Constituency Name,District,Member Name,Party,Latitude,Longitude
1,Akkalkuwa,NANDURBAR,Amshya Fulji Padvi,SHS,21.787078569185798,74.20207266715786
2,Shahada,NANDURBAR,Rajesh Udesing Padvi,BJP,21.6384898735429,74.40446224949933
3,Nandurbar,NANDURBAR,Dr.Vijaykumar Krushanrao Gavit,BJP,21.406113076850943,74.44161736891763
4,Nawapur,NANDURBAR,Shirishkumar Surupsing Naik,INC,21.232165454749367,73.90237210790302
5,Sakri,DHULE,Manjula Tulshiram Gavit,SHS,20.996299467056563,74.23508546911096
6,Dhule Rural,DHULE,Raghavendra (Ramdada) Manohar Patil,BJP,20.851373085487893,74.78489062637689
7,Dhule City,DHULE,Agrawal Anupbhaiyya Omprakash,BJP,20.90063266303179,74.78710695753972
8,Sindkheda,DHULE,Jaykumar Jitendrasinh Rawal,BJP,21.2458442828432,74.67223361358602
9,Shirpur,DHULE,Kashiram Vechan Pawara,BJP,21.44773416646391,74.91499982189885
10,Chopda,JALGAON,Chandrakant Baliram Sonawane,SHS,21.333276595243365,75.47474750473836
11,Raver,JALGAON,Amol Haribhau Jawale,BJP,21.304634211668695,75.90830316685593
12,Bhusawal,JALGAON,Savkare Sanjay Waman,BJP,20.99050918335104,75.8311997081633
13,Jalgaon City,JALGAON,Suresh Damu Bhole (Raju Mama),BJP,20.99773417034412,75.57926584403235
14,Jalgaon Rural,JALGAON,Gulabrao Raghunath Patil,SHS,21.002980843491986,75.47784673777109
15,Amalner,JALGAON,Anil Bhaidas Patil,NCP,21.043933441792976,74.96829591991224
16,Erandol,JALGAON,Amol Chimanrao Patil,SHS,20.831843865089123,75.15130023716554
17,Chalisgaon,JALGAON,Mangesh Ramesh Chavan,BJP,20.516530272087856,74.93799594893785
18,Pachora,JALGAON,Kishor Appa Patil,SHS,20.562375600588158,75.37399321609806
19,Jamner,JALGAON,Girish Dattatray Mahajan,BJP,20.634725701000047,75.79441174442785
20,Muktainagar,JALGAON,Chandrakant Nimba Patil,SHS,21.00732310485274,76.16414516671223
21,Malkapur,BULDANA,Chainsukh Madanlal Sancheti,BJP,20.905979722653086,76.21228004793933
22,Buldhana,BULDANA,Gaikwad Sanjay Rambhau,SHS,20.636931043440892,76.04466185802775
23,Chikhli,BULDANA,Mrs Shweta Vidyadhar Mahale,BJP,20.37311053638524,76.087513056779
24,Sindkhed Raja,BULDANA,Kayande Manoj Devanand,NCP,20.00248625991475,76.1957509909966
25,Mehkar,BULDANA,Kharat Siddharth Rambhau,SHS-UBT,20.1157151376009,76.62801335400438
26,Khamgaon,BULDANA,Akash Pandurang Fundkar,BJP,20.621999698444572,76.66735685788905
27,Jalgaon (Jamod),BULDANA,Kute Sanjay Shriram,BJP,21.028189193807247,76.64245020443043
28,Akot,AKOLA,Prakash Gunwant Bharsakle,BJP,21.125038193904615,76.96974317362216
29,Balapur,AKOLA,Nitin Bhikanrao Deshmukh,SHS-UBT,20.50105717647481,76.84242545959415
30,Akola West,AKOLA,Sajid Khan Pathan,INC,20.710436522442663,76.99043192173778
31,Akola East,AKOLA,Randhir Pralhadrao Sawarkar,BJP,20.834613339033766,77.09358405217121
32,Murtizapur,AKOLA,Harish Marotiappa Pimple,BJP,20.70407255123452,77.36228786668818
33,Risod,WASHIM,Ameet Subhashrao Zanak,INC,20.17160966418189,76.86259177895198
34,Washim,WASHIM,Shyam Ramcharan Khode,BJP,20.093258738137976,77.25228835205814
35,Karanja,WASHIM,Sai Prakash Dahake,BJP,20.39778495585105,77.57965044891681
36,Dhamangaon Railway,AMRAVATI,Adsad Pratap Arunbhau,BJP,20.684541729773922,77.91316760014047
37,Badnera,AMRAVATI,Ravi Gangadhar Rana,RYSP,20.88797978489128,77.63604586344037
38,Amravati,AMRAVATI,Sulbha Sanjay Khodke,NCP,20.956441252230817,77.7786491534462
39,Teosa,AMRAVATI,Rajesh Shriramji Wankhade,BJP,21.043673316827146,77.84566095376759
40,Daryapur,AMRAVATI,Gajanan Motiram Lawate,SHS-UBT,20.988048103726054,77.28573722933231
41,Melghat,AMRAVATI,Kewalram Tulsiram Kale,BJP,21.462799616619698,77.16722617962155
42,Achalpur,AMRAVATI,Pravin Vasantrao Tayade,BJP,21.320695808283507,77.66327648341162
43,Morshi,AMRAVATI,Umesh Alias Chandu Atmaramji Yawalkar,BJP,21.401003863962952,78.19076844426918
44,Arvi,WARDHA,Sumit Wankhede,BJP,21.11710487047766,78.32131885307484
45,Deoli,WARDHA,Rajesh Bhaurao Bakane,BJP,20.586834902831672,78.48177720274136
46,Hinganghat,WARDHA,Samir Tryambakrao Kunawar,BJP,20.54890791320283,78.91832143454421
47,Wardha,WARDHA,Dr. Pankaj Rajesh Bhoyar,BJP,20.886285245640487,78.7342178178817
48,Katol,NAGPUR,Charansing Babulalji Thakur,BJP,21.290601876496357,78.48909229213484
49,Savner,NAGPUR,Dr Ashishrao Deshmukh,BJP,21.45095756350168,78.880123819744
50,Hingna,NAGPUR,Sameer Dattatraya Meghe,BJP,20.946532708116134,78.87501976295648
51,Umred,NAGPUR,Sanjay Narayanrao Meshram,INC,20.795719811469443,79.34685140957332
52,Nagpur South West,NAGPUR,Devendra Gangadhar Fadnavis,BJP,21.11225650576779,79.05850825170974
53,Nagpur South,NAGPUR,Mohan Gopalrao Mate,BJP,21.117100478538504,79.11288461223084
54,Nagpur East,NAGPUR,Khopde Krishna Pancham,BJP,21.148448493285755,79.14313654281328
55,Nagpur Central,NAGPUR,Datke Pravin Prabhakarrao,BJP,21.14759557592962,79.10320473601412
56,Nagpur West,NAGPUR,Vikas Pandurang Thakre,INC,21.167588479303326,79.05474536147551
57,Nagpur North,NAGPUR,Dr Nitin Kashinath Raut,INC,21.186221398939445,79.11244975121214
58,Kamthi,NAGPUR,Chandrashekhar Krushnarao Bawankule,BJP,21.208474397617195,79.41459313090034
59,Ramtek,NAGPUR,Ashish Nandkishore Jaiswal(Vakil),SHS,21.550531843894525,79.3490515958471
60,Tumsar,BHANDARA,Karemore Raju Manikrao,NCP,21.39324991348778,79.67732900856102
61,Bhandara,BHANDARA,Bhondekar Narendra Bhojraj,SHS,20.968109140543948,79.59451572048913
62,Sakoli,BHANDARA,Nanabhau Falgunrao Patole,INC,20.95410148633528,79.91122116623458
63,Arjuni Morgaon,GONDIYA,Badole Rajkumar Sudam,NCP,20.816633069027016,80.12126378150485
64,Tirora,GONDIYA,Vijay Bharatlal Rahangdale,BJP,21.367765053017454,79.94697770059857
65,Gondiya,GONDIYA,Agrawal Vinod,BJP,21.53908228569089,80.22898955268528
66,Amgaon,GONDIYA,Sanjay Puram,BJP,21.24436816804924,80.45108145798768
67,Armori,GADCHIROLI,Ramdas Maluji Masram,INC,20.590715889677757,80.26220324336317
68,Gadchiroli,GADCHIROLI,Dr. Milind Ramji Narote,BJP,19.98348550264724,80.00953482060582
69,Aheri,GADCHIROLI,Atram Dharamraobaba Bhagwantrao,NCP,19.366524025248037,80.44192644305902
70,Rajura,CHANDRAPUR,Deorao Vithoba Bhongle,BJP,19.656890304723873,79.25682839114273
71,Chandrapur,CHANDRAPUR,Jorgewar Kishor Gajanan,BJP,19.956810601130844,79.16616087162026
72,Ballarpur,CHANDRAPUR,Mungantiwar Sudhir Sacchidanand,BJP,19.976554130898013,79.6173813853164
73,Brahmapuri,CHANDRAPUR,Vijay Namdeorao Wadettiwar,INC,20.151555903460974,79.85481756169014
74,Chimur,CHANDRAPUR,Banti Bhangdiya,BJP,20.61446287231292,79.52467383086528
75,Warora,YAVATMAL,Karan Sanjay Deotale,BJP,20.28627131494232,78.98632100271571
76,Wani,YAVATMAL,Derkar Sanjay Nilkanthrao,SHS-UBT,19.978909088691875,78.89910452101864
77,Ralegaon,YAVATMAL,Prof. Dr. Ashok Ramaji Wooike,BJP,20.497851843352763,78.36991491466023
78,Yavatmal,YAVATMAL,Anil Alias Balasaheb Shankarrao Mangulkar,INC,20.321630771384996,78.08639743483688
79,Digras,YAVATMAL,Rathod Sanjay Dulichand,SHS,20.423269188690934,77.73361996630891
80,Arni,YAVATMAL,Raju Narayan Todsam,BJP,19.949454385231196,78.24423685535433
81,Pusad,YAVATMAL,Indranil Manohar Naik,NCP,19.908194685023446,77.41647366555813
82,Umarkhed,YAVATMAL,Kisan Maroti Wankhede,BJP,19.614702489279516,77.85052094784336
83,Kinwat,NANDED,Bhimrao Ramji Keram,BJP,19.64974054376209,78.11115788508212
84,Hadgaon,NANDED,Kohlikar Baburao Kadam,SHS,19.5220032762372,77.67715700316619
85,Bhokar,NANDED,Chavan Sreejaya Ashokrao,BJP,19.203147645704036,77.64106592441658
86,Nanded North,NANDED,Balaji Devidasrao Kalyankar,SHS,19.207269152268946,77.24366284621436
87,Nanded South,NANDED,Anand Shankar Tidke,SHS,19.11060428175705,77.28351408374145
88,Loha,NANDED,Prataprao Patil Chikhalikar,NCP,18.92082638063597,77.14137119813721
89,Naigaon,NANDED,Rajesh Sambhajirao Pawar,BJP,18.927545013445602,77.7243698347097
90,Deglur,NANDED,Antapurkar Jitesh Raosaheb,BJP,18.529208023427554,77.59901778587809
91,Mukhed,NANDED,Tushar Govindrao Rathod,BJP,18.560904931237342,77.28346579990428
92,Basmath,HINGOLI,Chandrakant Alias Rajubhaiya Ramakant Navghare,NCP,19.381398851576837,77.038845086692
93,Kalamnuri,HINGOLI,Bangar Santosh Laxmanrao,SHS,19.753306473903727,77.34852563320723
94,Hingoli,HINGOLI,Mutkule Tanhaji Sakharamji,BJP,19.873519561005022,76.92776312044033
95,Jintur,PARBHANI,Bordikar Meghna Deepak Sakore,BJP,19.630484974164347,76.69788469783335
96,Parbhani,PARBHANI,Dr. Rahul Vedprakash Patil,SHS-UBT,19.314313365970897,76.85364745211439
97,Gangakhed,PARBHANI,Gutte Ratnakar Manikrao,RSP,19.0085278706035,76.91888844159021
98,Pathri,PARBHANI,Rajesh Uttamrao Vitekar,NCP,19.14856876065944,76.48706154893198
99,Partur,JALNA,Babanrao Dattatray Yadav (Lonikar),BJP,19.765546062797405,76.35520968793529
100,Ghansawangi,JALNA,Udhan Hikmat Baliram,SHS,19.54133969307807,75.91753037221241
101,Jalna,JALNA,Arjun Panditrao Khotkar,SHS,19.853800789602943,76.01725691936184
102,Badnapur,JALNA,Kuche Narayan Tilakchand,BJP,19.934275833831464,75.70385080215117
103,Bhokardan,JALNA,Danve Santosh Raosaheb,BJP,20.34354488255346,75.90982338017908
104,Sillod,AURANGABAD,Abdul Sattar,SHS,20.500185217123185,75.62943584316642
105,Kannad,AURANGABAD,Ranjanatai (Sanjana) Harshvardhan Jadhav,SHS,20.31594804907596,75.17361664659654
106,Phulambri,AURANGABAD,Anuradha Atul Chavan,BJP,20.010981963035682,75.54993580967331
107,Aurangabad Central,AURANGABAD,Jaiswal Pradeep Shivnarayan,SHS,19.916127272291703,75.3402670428473
108,Aurangabad West,AURANGABAD,Sanjay Pandurang Shirsat,SHS,19.86286082683814,75.3020387570429
109,Aurangabad East,AURANGABAD,Atul Moreshwar Save,BJP,19.880532412403554,75.3728020092106
110,Paithan,AURANGABAD,Bhumre Vilas Sandipanrao,SHS,19.50452625456152,75.38178806664038
111,Gangapur,AURANGABAD,Bumb Prashant Bansilal,BJP,19.80630364624714,75.1485546781369
112,Vaijapur,AURANGABAD,Bornare (Sir) Ramesh Nanasaheb,SHS,19.961332594143325,74.77101238681706
113,Nandgaon,NASHIK,Suhas (Aanna) Dwarkanath Kande,SHS,20.37062988503578,74.75562484345582
114,Malegaon Central,NASHIK,Mufti Mohammad Ismail Abdul Khalique,AIMIM,20.55091061865794,74.54907431994742
115,Malegaon Outer,NASHIK,Dadaji Dagdu Bhuse,SHS,20.689175425424043,74.57888633114595
116,Baglan,NASHIK,Dilip Manglu Borse,BJP,20.77111013849436,74.13217652746417
117,Kalwan,NASHIK,Nitinbhau Arjun (A.T.) Pawar,NCP,20.551939944902028,73.60491069004001
118,Chandvad,NASHIK,Dr.Aher Rahul Daulatrao,BJP,20.35871158410233,74.20830484354919
119,Yevla,NASHIK,Chhagan Bhujbal,NCP,20.034790243805908,74.4814674171434
120,Sinnar,NASHIK,Adv. Kokate Manikrao Shivaji,NCP,19.75642289569349,74.07048151168374
121,Niphad,NASHIK,Bankar Diliprao Shankarrao,NCP,20.07456350436244,74.0771788641343
122,Dindori,NASHIK,Narahari Sitaram Zirwal,NCP,20.26783133400295,73.53222552134181
123,Nashik East,NASHIK,Adv.Rahul Uttamrao Dhikale,BJP,20.02480172600003,73.83803288663643
124,Nashik Central,NASHIK,Devyani Suhas Pharande,BJP,19.995212265859692,73.78705210401762
125,Nashik West,NASHIK,Hiray Seema Mahesh,BJP,19.990440801402354,73.73125517088515
126,Deolali,NASHIK,Ahire Saroj Babulal,NCP,19.991120834196764,73.74316995558789
127,Igatpuri,NASHIK,Khoskar Hiraman Bhika,NCP,19.948938517573765,73.45136083783501
128,Dahanu,THANE,Vinod Bhiva Nikole,CPI(M),20.0629134914202,72.8397353268455
129,Vikramgad,THANE,Bhoye Harishchandra Sakharam,BJP,19.93973271828572,73.26191347148271
130,Palghar,THANE,Gavit Rajendra Dhedya,SHS,19.823262958374457,72.73268020036254
131,Boisar,THANE,Vilas Sukur Tare,SHS,19.593568007352403,72.79673397285076
132,Nalasopara,THANE,Rajan Balkrishna Naik,BJP,19.469131601049064,72.88541965890204
133,Vasai,THANE,Sneha Dube Pandit,BJP,19.404037477912272,72.78179485161984
134,Bhiwandi Rural,THANE,Shantaram Tukaram More,SHS,19.481562785646016,73.11144562498319
135,Shahapur,THANE,Daulat Bhika Daroda,NCP,19.543900864700184,73.48739400507124
136,Bhiwandi West,THANE,Choughule Mahesh Prabhakar,BJP,19.3521262380127,73.06980323108868
137,Bhiwandi East,THANE,Rais Kasam Shaikh,SP,19.356204601646507,73.11464181236371
138,Kalyan West,THANE,Vishwanath Atmaram Bhoir,SHS,19.286335364595296,73.1820892358691
139,Murbad,THANE,Kisan Shankar Kathore,BJP,19.237932281127538,73.53833379379643
140,Ambernath,THANE,Dr. Balaji Pralhad Kinikar,SHS,19.21429744673534,73.19907778747064
141,Ulhasnagar,THANE,Ailani Kumar Uttamchand,BJP,19.25020772185004,73.19359927315006
142,Kalyan East,THANE,Sulbha Ganpat Gaikwad,BJP,19.1311494089751,73.14875298133248
143,Dombivali,THANE,Chavan Ravindra Dattatray,BJP,19.235155084750048,73.08332336095005
144,Kalyan Rural,THANE,Rajesh Govardhan More,SHS,19.130595176181544,73.0837335768768
145,Mira Bhayandar,THANE,Narendra Mehta,BJP,19.272028754722978,72.81975646601275
146,Ovala - Majiwada,THANE,Pratap Baburao Sarnaik,SHS,19.263547243761405,72.9168029799887
147,Kopri - Pachpakhadi,THANE,Eknath Sambhaji Shinde,SHS,19.190833955932803,72.95427889547487
148,Thane,THANE,Sanjay Mukund Kelkar,BJP,19.252799473272773,72.9738635535758
149,Mumbra - Kalwa,THANE,Awhad Jitendra Satish,NCP(SP),19.20142509951287,72.99466489858979
150,Airoli,THANE,Ganesh Ramchandra Naik,BJP,19.138820555052668,72.99511156086022
151,Belapur,THANE,Manda Vijay Mhatre,BJP,19.053079694024927,73.01253153973133
152,Borivali,MUMBAI (SUBURBAN),Sanjay Upadhyay,BJP,19.222585859434627,72.78806932263196
153,Dahisar,MUMBAI (SUBURBAN),Chaudhary Manisha Ashok,BJP,19.25797759062731,72.84980136340006
154,Magathane,MUMBAI (SUBURBAN),Prakash Surve,SHS,19.229163785936212,72.89537123853908
155,Mulund,MUMBAI (SUBURBAN),Mihir Kotecha,BJP,19.179704180529143,72.93722189795771
156,Vikhroli,MUMBAI (SUBURBAN),Sunil Rajaram Raut,SHS-UBT,19.107467296927457,72.92971363491135
157,Bhandup West,MUMBAI (SUBURBAN),Ashok Dharmaraj Patil,SHS,19.124850920847393,72.93043711153898
158,Jogeshwari East,MUMBAI (SUBURBAN),Anant (Bala) B. Nar,SHS-UBT,19.13698621275314,72.87469081448155
159,Dindoshi,MUMBAI (SUBURBAN),Sunil Waman Prabhu,SHS-UBT,19.173429264230816,72.88084101200006
160,Kandivali East,MUMBAI (SUBURBAN),Atul Bhatkhalkar,BJP,19.19106845282931,72.86099708253666
161,Charkop,MUMBAI (SUBURBAN),Yogesh Sagar,BJP,19.197550936368472,72.81758491513163
162,Malad West,MUMBAI (SUBURBAN),Aslam Ramjanali Shaikh,INC,19.155592458803945,72.79202081144464
163,Goregaon,MUMBAI (SUBURBAN),Vidya Jaiprakash Thakur,BJP,19.154795951868472,72.83877196665796
164,Versova,MUMBAI (SUBURBAN),Haroon Khan,SHS-UBT,19.131263134822614,72.82046573583875
165,Andheri West,MUMBAI (SUBURBAN),Ameet Bhaskar Satam,BJP,19.09761551658093,72.82587824262606
166,Andheri East,MUMBAI (SUBURBAN),Murji Patel (Kaka),SHS,19.113120565370835,72.87478857158435
167,Vile Parle,MUMBAI (SUBURBAN),Alavani Parag,BJP,19.0889798962632,72.86033065039481
168,Chandivali,MUMBAI (SUBURBAN),Dilip Bhausaheb Lande,SHS,19.092419568157926,72.896706940579
169,Ghatkopar West,MUMBAI (SUBURBAN),Ram Kadam,BJP,19.081127918842142,72.91039085165794
170,Ghatkopar East,MUMBAI (SUBURBAN),Parag Shah,BJP,19.071485042996297,72.9267344458989
171,Mankhurd Shivaji Nagar,MUMBAI (SUBURBAN),Abu Asim Azmi,SP,19.049023070179892,72.93660937898566
172,Anushakti Nagar,MUMBAI (SUBURBAN),Sana Malik,NCP,19.016953854087827,72.92517770079395
173,Chembur,MUMBAI (SUBURBAN),Tukaram Ramkrushna Kate,SHS,19.016825977434,72.8926119292453
174,Kurla,MUMBAI (SUBURBAN),Kudalkar Mangesh,SHS,19.0558997626667,72.8927547285943
175,Kalina,MUMBAI (SUBURBAN),Sanjay Govind Potnis,SHS-UBT,19.071044541614068,72.87047532929829
176,Vandre East,MUMBAI (SUBURBAN),Varun Satish Sardesai,SHS-UBT,19.05519987238601,72.86262318010532
177,Vandre West,MUMBAI (SUBURBAN),Adv. Ashish Shelar,BJP,19.054545354454895,72.82646315004862
178,Dharavi,MUMBAI,Dr. Gaikwad Jyoti Eknath,INC,19.04475319274742,72.84566869351586
179,Sion Koliwada,MUMBAI,Captain R Tamil Selvan,BJP,19.035788448921092,72.86908018085973
180,Wadala,MUMBAI,Kalidas Nilkanth Kolambkar,BJP,19.013869219857185,72.85451716747329
181,Mahim,MUMBAI,Mahesh Baliram Sawant,SHS-UBT,19.028800006343793,72.8340879487902
182,Worli,MUMBAI,Aditya Uddhav Thackeray,SHS-UBT,19.00795974911446,72.81596071170766
183,Shivadi,MUMBAI,Ajay Vinayak Choudhari,SHS-UBT,18.995272004654367,72.84392391001244
184,Byculla,MUMBAI,Manoj Pandurang Jamsutkar,SHS-UBT,18.976058978421094,72.83901625596849
185,Malabar Hill,MUMBAI,Mangal Prabhat Lodha,BJP,18.96036494186279,72.80732384168634
186,Mumbadevi,MUMBAI,Amin Patel,INC,18.958185042943224,72.83143985423868
187,Colaba,MUMBAI,Adv Rahul Suresh Narwekar,BJP,18.930646104522765,72.8278862738637
188,Panvel,RAIGARH,Prashant Ramsheth Thakur,BJP,19.076186856942627,73.13953604185546
189,Karjat,RAIGARH,Thorve Mahendra Sadashiv,SHS,18.958519130279907,73.44275782713754
190,Uran,RAIGARH,Mahesh Baldi,BJP,18.926425852623144,73.00503094042539
191,Pen,RAIGARH,Ravisheth Patil,BJP,18.581478802076877,73.24217101021998
192,Alibag,RAIGARH,Mahendra Hari Dalvi,SHS,18.517273577606364,72.93146731448904
193,Shrivardhan,RAIGARH,Aditi Sunil Tatkare,NCP,18.197511345052376,73.06282603578332
194,Mahad,RAIGARH,Gogawale Bharat Maruti,SHS,18.16513107971851,73.44406845531746
195,Junnar,PUNE,Sharaddada Bhimaji Sonawane,IND,19.224905061155418,74.00057369596944
196,Ambegaon,PUNE,Dilip Dattatray Walse Patil,NCP,19.038644956249705,73.84938057829996
197,Khed Alandi,PUNE,Babaji Ramchandra Kale,SHS-UBT,18.932997371697773,73.67201764529675
198,Shirur,PUNE,Dnyaneshwar Alias Mauli Aba Katke,NCP,18.684254746322136,74.36656251708528
199,Daund,PUNE,Kul Rahul Subhashrao,BJP,18.44382105147862,74.57292985109005
200,Indapur,PUNE,Dattatraya Vithoba Bharane,NCP,18.0319102081231,74.93183442571619
201,Baramati,PUNE,Ajit Anantrao Pawar,NCP,18.115830506311802,74.4686507943712
202,Purandar,PUNE,Vijaybapu Shivtare,SHS,18.29706477720837,74.02128758527094
203,Bhor,PUNE,Shankar Hiraman Mandekar,NCP,18.320804255708275,73.55549798150902
204,Maval,PUNE,Sunil Shankarrao Shelke,NCP,18.83394394934448,73.45680032919643
205,Chinchwad,PUNE,Jagtap Shankar Pandurang,BJP,18.597862096838128,73.82668859040002
206,Pimpri,PUNE,Anna Dadu Bansode,NCP,18.68331725016383,73.77617199342251
207,Bhosari,PUNE,Mahesh (Dada) Kisan Landge,BJP,18.6461952125676,73.84621823433338
208,Vadgaon Sheri,PUNE,Bapusaheb Tukaram Pathare,NCP(SP),18.592520803064552,73.91987261268554
209,Shivajinagar,PUNE,Siddharth Anil Shirole,BJP,18.546147402371712,73.84575506941596
210,Kothrud,PUNE,Chandrakant (Dada) Bachhu Patil,BJP,18.53881776765252,73.79805011102843
211,Khadakwasala,PUNE,Bhimrao Dhondiba Tapkir,BJP,18.416971647132883,73.74923772018822
212,Parvati,PUNE,Madhuri Satish Misal,BJP,18.49523845275388,73.84820561824621
213,Hadapsar,PUNE,Chetan Vitthal Tupe,NCP,18.46326546533338,73.89139109410189
214,Pune Cantonment,PUNE,Kamble Sunil Dyandev,BJP,18.50691439759601,73.93068656369704
215,Kasba Peth,PUNE,Hemant Narayan Rasane,BJP,18.52261642619052,73.86336632753972
216,Akole,AHMADNAGAR,Dr. Kiran Yamaji Lahamate,NCP,19.490241644088897,73.89026947617702
217,Sangamner,AHMADNAGAR,Amol Dhondiba Khatal,SHS,19.474894465676588,74.22717390756499
218,Shirdi,AHMADNAGAR,Patil Vikhe Radhakrushna Eknathrao,BJP,19.68123689620523,74.30386935328491
219,Kopargaon,AHMADNAGAR,Ashutosh Ashokrao Kale,NCP,19.897613311709637,74.42154131567989
220,Shrirampur,AHMADNAGAR,Ogale Hemant Bhujangrao,INC,19.648952992463958,74.71191274890326
221,Nevasa,AHMADNAGAR,Vitthal Vakilrao Langhe,SHS,19.57320745770884,75.0280787249661
222,Shevgaon,AHMADNAGAR,Monica Rajeev Rajale,BJP,19.227342891000145,75.34357753987784
223,Rahuri,AHMADNAGAR,Kardile Shivaji Bhanudas,BJP,19.199583771831602,74.88657145538768
224,Parner,AHMADNAGAR,Kashinath Mahadu Date Sir,NCP,19.057297317114532,74.31241229260226
225,Ahmednagar City,AHMADNAGAR,Sangram Arunkaka Jagtap,NCP,19.087876435938032,74.74110522644195
226,Shrigonda,AHMADNAGAR,Pachpute Vikram Babanrao,BJP,18.802451562970028,74.66399495406003
227,Karjat Jamkhed,AHMADNAGAR,Rohit Pawar,NCP(SP),18.632638825376763,75.2569790647589
228,Georai,BID,Vijaysinh Shivajirao Pandit,NCP,19.297515475563756,75.66101802976344
229,Majalgaon,BID,Prakash (Dada) Sunadarrao Solanke,NCP,19.066540233402417,76.17583978178996
230,Beed,BID,Sandeep Ravindra Kshirsagar,NCP(SP),18.998287461204075,75.65154937945849
231,Ashti,BID,Dhas Suresh Ramchandra,BJP,19.011012085997052,75.28230257366572
232,Kaij,BID,Namita Akshay Mundada,BJP,18.6724161215332,75.88525376993917
233,Parli,BID,Dhananjay Panditrao Munde,NCP,18.843885754173172,76.49724250073466
234,Latur Rural,LATUR,Ramesh Kashiram Karad,BJP,18.46247217763383,76.4723560909388
235,Latur City,LATUR,Amit Vilasrao Deshmukh,INC,18.424434430317515,76.55909559812314
236,Ahmadpur,LATUR,Babasaheb Mohanrao Patil,NCP,18.667263805010926,76.87814815778991
237,Udgir,LATUR,Sanjay Baburao Bansode,NCP,18.481010799071527,77.2026019704434
238,Nilanga,LATUR,Nilangekar Sambhaji Diliprao Patil,BJP,18.145869077566164,76.95685447398822
239,Ausa,LATUR,Abhimanyu Dattatray Pawar,BJP,18.105747830654487,76.58943551338534
240,Umarga,OSMANABAD,Pravin Virbhadrayya Swami (Sir),SHS-UBT,17.83174129126242,76.58689636219725
241,Tuljapur,OSMANABAD,Ranajagjitsinha Padmasinha Patil,BJP,17.935660624504433,76.1293855964361
242,Osmanabad,OSMANABAD,Kailas Balasaheb Ghadge Patil,SHS-UBT,18.36843404226185,76.03867324970385
243,Paranda,OSMANABAD,Prof.Dr.Tanaji Jayawant Sawant,SHS,18.550677529328407,75.60131896467793
244,Karmala,SOLAPUR,Narayan (Aba) Govindrao Patil,NCP(SP),18.30185335354376,75.12763526258438
245,Madha,SOLAPUR,Abhijeet Dhananjay Patil,NCP(SP),17.946221444651712,75.28779180996135
246,Barshi,SOLAPUR,Dilip Gangadhar Sopal,SHS-UBT,18.173469069590578,75.82679896848285
247,Mohol,SOLAPUR,Khare Raju Dnyanu,NCP(SP),17.777514871089622,75.70240732618834
248,Solapur City North,SOLAPUR,Deshmukh Vijay Sidramappa,BJP,17.715707199721475,75.87429415731432
249,Solapur City Central,SOLAPUR,Devendra Rajesh Kothe,BJP,17.639492815166708,75.91248833195839
250,Akkalkot,SOLAPUR,Kalyanshetti Sachin Panchappa,BJP,17.557838346571213,76.19851625181633
251,Solapur South,SOLAPUR,Deshmukh Subhash Sureshchandra,BJP,17.523358087762873,75.84050547885094
252,Pandharpur,SOLAPUR,Autade Samadhan Mahadeo,BJP,17.43742589017146,75.44759121600003
253,Sangole,SOLAPUR,Dr. Babasaheb Annasaheb Deshmukh,PWP,17.279488296243393,75.05285381357338
254,Malshiras,SOLAPUR,Uttamrao Shivdas Jankar,NCP(SP),17.859759433865126,74.82870496135492
255,Phaltan,SATARA,Sachin Patil,NCP,17.994741647237923,74.45913568082743
256,Wai,SATARA,Makrand Laxmanrao Jadhav (Patil),NCP,17.9997766510077,73.83484590429764
257,Koregaon,SATARA,Mahesh Sambhajiraje Shinde,SHS,17.716839890185156,74.17965382678068
258,Man,SATARA,Jaykumar Bhagavanrao Gore,BJP,17.69683288124665,74.67651584274645
259,Karad North,SATARA,Manoj Bhimrao Ghorpade,BJP,17.43381615044008,74.23127784233296
260,Karad South,SATARA,Dr Atulbaba Suresh Bhosale,BJP,17.207303526590117,74.17742453197455
261,Patan,SATARA,Desai Shambhuraj Shivajirao,SHS,17.311681921750946,73.8358636895968
262,Satara,SATARA,Shivendraraje Abhaysinhraje Bhonsle,BJP,17.725773637636422,73.74523158991221
263,Dapoli,RATNAGIRI,Kadam Yogeshdada Ramdas,SHS,17.82275369642568,73.25805905630456
264,Guhagar,RATNAGIRI,Jadhav Bhaskar Bhaurao,SHS-UBT,17.499991418327795,73.30694936597509
265,Chiplun,RATNAGIRI,Shekhar Govindrao Nikam,NCP,17.32942512550981,73.66215558997986
266,Ratnagiri,RATNAGIRI,Uday Ravindra Samant,SHS,17.08032399250022,73.28127515020174
267,Rajapur,RATNAGIRI,Kiran Alias Bhaiyya Samant,SHS,16.693493900252815,73.5995073964559
268,Kankavli,SINDHUDURG,Nitesh Narayan Rane,BJP,16.42862812784849,73.62592284022337
269,Kudal,SINDHUDURG,Nilesh Narayan Rane,SHS,16.1114773243842,73.81532096434898
270,Sawantwadi,SINDHUDURG,Deepak Vasantrao Kesarkar,SHS,15.838946175303596,73.8692839093059
271,Chandgad,KOLHAPUR,Shivaji Shattupa Patil,IND,15.96190805222147,74.28685871135359
272,Radhanagari,KOLHAPUR,Abitkar Prakash Anandrao,SHS,16.222297057893893,73.95014505037935
273,Kagal,KOLHAPUR,Mushrif Hasan Miyalal,NCP,16.406954372507457,74.29575616859738
274,Kolhapur South,KOLHAPUR,Amal Mahadevrao Mahadik,BJP,16.611500096059963,74.2188358534794
275,Karvir,KOLHAPUR,Chandradeep Shashikant Narake,SHS,16.655755056056428,73.98097783553918
276,Kolhapur North,KOLHAPUR,Rajesh Vinayak Kshirsagar,SHS,16.734922212348877,74.24616917248841
277,Shahuwadi,KOLHAPUR,Dr. Vinay Vilasrao Kore (Savkar),JSS,16.95517165684719,73.91566210630717
278,Hatkanangle,KOLHAPUR,Dalitmitra Dr.Ashokrao Mane(Bapu,JSS,16.80650479868605,74.37573574566996
279,Ichalkaranji,KOLHAPUR,Rahul Prakash Awade,BJP,16.697627615047097,74.45627597764714
280,Shirol,KOLHAPUR,Raj राजेंद्र Shamgonda Patil (Yadravkar),RSVA,16.751812452899944,74.56149181067767
281,Miraj,SANGLI,Dr. Suresh(Bhau) Dagadu Khade,BJP,16.83618328872015,74.74809922860197
282,Sangli,SANGLI,Dhananjay Hari Gadgil,BJP,16.85006060117231,74.56511059035303
283,Islampur,SANGLI,Jayant Rajaram Patil,NCP(SP),16.916335546381095,74.40671179968928
284,Shirala,SANGLI,Deshmukh Satyajit Shivajirao,BJP,17.055714196089422,73.99688230222613
285,Palus - Kadegaon,SANGLI,Kadam Vishwajit Patangrao,INC,17.235084406803836,74.38383322736661
286,Khanapur,SANGLI,Babar Suhas Anilbhau,SHS,17.376423301275693,74.79471170700535
287,Tasgaon - Kavathe Mahankal,SANGLI,Rohit Suman R.R. Aba Patil,NCP(SP),17.08951936071703,74.85196452808358
288,Jat,SANGLI,Gopichand Kundlik Padalkar,BJP,17.13491436608995,75.30237982182052
